white_british_sc1;Ethnic group (England and Wales) : White \ British - Socio-economic Classification (NS-SeC) : Class1 (Higher managerial and professional occupations) - Unit : People
white_irish_sc1;Ethnic group (England and Wales) : White \ Irish - Socio-economic Classification (NS-SeC) : Class1 (Higher managerial and professional occupations) - Unit : People
white_other_sc1;Ethnic group (England and Wales) : White \ Other White - Socio-economic Classification (NS-SeC) : Class1 (Higher managerial and professional occupations) - Unit : People
mixed_whiteblcarribean_sc1;Ethnic group (England and Wales) : Mixed \ White and Black Caribbean - Socio-economic Classification (NS-SeC) : Class1 (Higher managerial and professional occupations) - Unit : People
mixed_whiteblafrican_sc1;Ethnic group (England and Wales) : Mixed \ White and Black African - Socio-economic Classification (NS-SeC) : Class1 (Higher managerial and professional occupations) - Unit : People
mixed_whiteasian_sc1;Ethnic group (England and Wales) : Mixed \ White and Asian - Socio-economic Classification (NS-SeC) : Class1 (Higher managerial and professional occupations) - Unit : People
mixed_other_sc1;Ethnic group (England and Wales) : Mixed \ Other Mixed - Socio-economic Classification (NS-SeC) : Class1 (Higher managerial and professional occupations) - Unit : People
asian_indian_sc1;Ethnic group (England and Wales) : Asian or Asian British \ Indian - Socio-economic Classification (NS-SeC) : Class1 (Higher managerial and professional occupations) - Unit : People
asian_pakistani_sc1;Ethnic group (England and Wales) : Asian or Asian British \ Pakistani - Socio-economic Classification (NS-SeC) : Class1 (Higher managerial and professional occupations) - Unit : People
asian_bangladeshi_sc1;Ethnic group (England and Wales) : Asian or Asian British \ Bangladeshi - Socio-economic Classification (NS-SeC) : Class1 (Higher managerial and professional occupations) - Unit : People
asian_other_sc1;Ethnic group (England and Wales) : Asian or Asian British \ Other Asian - Socio-economic Classification (NS-SeC) : Class1 (Higher managerial and professional occupations) - Unit : People
black_carribean_sc1;Ethnic group (England and Wales) : Black or Black British \ Caribbean - Socio-economic Classification (NS-SeC) : Class1 (Higher managerial and professional occupations) - Unit : People
black_african_sc1;Ethnic group (England and Wales) : Black or Black British \ African - Socio-economic Classification (NS-SeC) : Class1 (Higher managerial and professional occupations) - Unit : People
black_other_sc1;Ethnic group (England and Wales) : Black or Black British \ Other Black - Socio-economic Classification (NS-SeC) : Class1 (Higher managerial and professional occupations) - Unit : People
chineot_chinese_sc1;Ethnic group (England and Wales) : Chinese or Other Ethnic Group \ Chinese - Socio-economic Classification (NS-SeC) : Class1 (Higher managerial and professional occupations) - Unit : People
white_british_sc2;Ethnic group (England and Wales) : White \ British - Socio-economic Classification (NS-SeC) : Class 2 (Lower managerial and professional occupations) - Unit : People
white_irish_sc2;Ethnic group (England and Wales) : White \ Irish - Socio-economic Classification (NS-SeC) : Class 2 (Lower managerial and professional occupations) - Unit : People
white_other_sc2;Ethnic group (England and Wales) : White \ Other White - Socio-economic Classification (NS-SeC) : Class 2 (Lower managerial and professional occupations) - Unit : People
mixed_whiteblcarribean_sc2;Ethnic group (England and Wales) : Mixed \ White and Black Caribbean - Socio-economic Classification (NS-SeC) : Class 2 (Lower managerial and professional occupations) - Unit : People
mixed_whiteblafrican_sc2;Ethnic group (England and Wales) : Mixed \ White and Black African - Socio-economic Classification (NS-SeC) : Class 2 (Lower managerial and professional occupations) - Unit : People
mixed_whiteasian_sc2;Ethnic group (England and Wales) : Mixed \ White and Asian - Socio-economic Classification (NS-SeC) : Class 2 (Lower managerial and professional occupations) - Unit : People
mixed_other_sc2;Ethnic group (England and Wales) : Mixed \ Other Mixed - Socio-economic Classification (NS-SeC) : Class 2 (Lower managerial and professional occupations) - Unit : People
asian_indian_sc2;Ethnic group (England and Wales) : Asian or Asian British \ Indian - Socio-economic Classification (NS-SeC) : Class 2 (Lower managerial and professional occupations) - Unit : People
asian_pakistani_sc2;Ethnic group (England and Wales) : Asian or Asian British \ Pakistani - Socio-economic Classification (NS-SeC) : Class 2 (Lower managerial and professional occupations) - Unit : People
asian_bangladeshi_sc2;Ethnic group (England and Wales) : Asian or Asian British \ Bangladeshi - Socio-economic Classification (NS-SeC) : Class 2 (Lower managerial and professional occupations) - Unit : People
asian_other_sc2;Ethnic group (England and Wales) : Asian or Asian British \ Other Asian - Socio-economic Classification (NS-SeC) : Class 2 (Lower managerial and professional occupations) - Unit : People
black_carribean_sc2;Ethnic group (England and Wales) : Black or Black British \ Caribbean - Socio-economic Classification (NS-SeC) : Class 2 (Lower managerial and professional occupations) - Unit : People
black_african_sc2;Ethnic group (England and Wales) : Black or Black British \ African - Socio-economic Classification (NS-SeC) : Class 2 (Lower managerial and professional occupations) - Unit : People
black_other_sc2;Ethnic group (England and Wales) : Black or Black British \ Other Black - Socio-economic Classification (NS-SeC) : Class 2 (Lower managerial and professional occupations) - Unit : People
chineot_chinese_sc2;Ethnic group (England and Wales) : Chinese or Other Ethnic Group \ Chinese - Socio-economic Classification (NS-SeC) : Class 2 (Lower managerial and professional occupations) - Unit : People
;Ethnic group (England and Wales) : White \ British - Socio-economic Classification (NS-SeC) : Class 3 (Intermediate occupations) - Unit : People
;Ethnic group (England and Wales) : White \ Irish - Socio-economic Classification (NS-SeC) : Class 3 (Intermediate occupations) - Unit : People
;Ethnic group (England and Wales) : White \ Other White - Socio-economic Classification (NS-SeC) : Class 3 (Intermediate occupations) - Unit : People
;Ethnic group (England and Wales) : Mixed \ White and Black Caribbean - Socio-economic Classification (NS-SeC) : Class 3 (Intermediate occupations) - Unit : People
;Ethnic group (England and Wales) : Mixed \ White and Black African - Socio-economic Classification (NS-SeC) : Class 3 (Intermediate occupations) - Unit : People
;Ethnic group (England and Wales) : Mixed \ White and Asian - Socio-economic Classification (NS-SeC) : Class 3 (Intermediate occupations) - Unit : People
;Ethnic group (England and Wales) : Mixed \ Other Mixed - Socio-economic Classification (NS-SeC) : Class 3 (Intermediate occupations) - Unit : People
;Ethnic group (England and Wales) : Asian or Asian British \ Indian - Socio-economic Classification (NS-SeC) : Class 3 (Intermediate occupations) - Unit : People
;Ethnic group (England and Wales) : Asian or Asian British \ Pakistani - Socio-economic Classification (NS-SeC) : Class 3 (Intermediate occupations) - Unit : People
;Ethnic group (England and Wales) : Asian or Asian British \ Bangladeshi - Socio-economic Classification (NS-SeC) : Class 3 (Intermediate occupations) - Unit : People
;Ethnic group (England and Wales) : Asian or Asian British \ Other Asian - Socio-economic Classification (NS-SeC) : Class 3 (Intermediate occupations) - Unit : People
;Ethnic group (England and Wales) : Black or Black British \ Caribbean - Socio-economic Classification (NS-SeC) : Class 3 (Intermediate occupations) - Unit : People
;Ethnic group (England and Wales) : Black or Black British \ African - Socio-economic Classification (NS-SeC) : Class 3 (Intermediate occupations) - Unit : People
;Ethnic group (England and Wales) : Black or Black British \ Other Black - Socio-economic Classification (NS-SeC) : Class 3 (Intermediate occupations) - Unit : People
;Ethnic group (England and Wales) : Chinese or Other Ethnic Group \ Chinese - Socio-economic Classification (NS-SeC) : Class 3 (Intermediate occupations) - Unit : People
;Ethnic group (England and Wales) : White \ British - Socio-economic Classification (NS-SeC) : Class 4 (Small employers and own account workers) - Unit : People
;Ethnic group (England and Wales) : White \ Irish - Socio-economic Classification (NS-SeC) : Class 4 (Small employers and own account workers) - Unit : People
;Ethnic group (England and Wales) : White \ Other White - Socio-economic Classification (NS-SeC) : Class 4 (Small employers and own account workers) - Unit : People
;Ethnic group (England and Wales) : Mixed \ White and Black Caribbean - Socio-economic Classification (NS-SeC) : Class 4 (Small employers and own account workers) - Unit : People
;Ethnic group (England and Wales) : Mixed \ White and Black African - Socio-economic Classification (NS-SeC) : Class 4 (Small employers and own account workers) - Unit : People
;Ethnic group (England and Wales) : Mixed \ White and Asian - Socio-economic Classification (NS-SeC) : Class 4 (Small employers and own account workers) - Unit : People
;Ethnic group (England and Wales) : Mixed \ Other Mixed - Socio-economic Classification (NS-SeC) : Class 4 (Small employers and own account workers) - Unit : People
;Ethnic group (England and Wales) : Asian or Asian British \ Indian - Socio-economic Classification (NS-SeC) : Class 4 (Small employers and own account workers) - Unit : People
;Ethnic group (England and Wales) : Asian or Asian British \ Pakistani - Socio-economic Classification (NS-SeC) : Class 4 (Small employers and own account workers) - Unit : People
;Ethnic group (England and Wales) : Asian or Asian British \ Bangladeshi - Socio-economic Classification (NS-SeC) : Class 4 (Small employers and own account workers) - Unit : People
;Ethnic group (England and Wales) : Asian or Asian British \ Other Asian - Socio-economic Classification (NS-SeC) : Class 4 (Small employers and own account workers) - Unit : People
;Ethnic group (England and Wales) : Black or Black British \ Caribbean - Socio-economic Classification (NS-SeC) : Class 4 (Small employers and own account workers) - Unit : People
;Ethnic group (England and Wales) : Black or Black British \ African - Socio-economic Classification (NS-SeC) : Class 4 (Small employers and own account workers) - Unit : People
;Ethnic group (England and Wales) : Black or Black British \ Other Black - Socio-economic Classification (NS-SeC) : Class 4 (Small employers and own account workers) - Unit : People
;Ethnic group (England and Wales) : Chinese or Other Ethnic Group \ Chinese - Socio-economic Classification (NS-SeC) : Class 4 (Small employers and own account workers) - Unit : People
;Ethnic group (England and Wales) : White \ British - Socio-economic Classification (NS-SeC) : Class 5 (Lower supervisory and technical occupations) - Unit : People
;Ethnic group (England and Wales) : White \ Irish - Socio-economic Classification (NS-SeC) : Class 5 (Lower supervisory and technical occupations) - Unit : People
;Ethnic group (England and Wales) : White \ Other White - Socio-economic Classification (NS-SeC) : Class 5 (Lower supervisory and technical occupations) - Unit : People
;Ethnic group (England and Wales) : Mixed \ White and Black Caribbean - Socio-economic Classification (NS-SeC) : Class 5 (Lower supervisory and technical occupations) - Unit : People
;Ethnic group (England and Wales) : Mixed \ White and Black African - Socio-economic Classification (NS-SeC) : Class 5 (Lower supervisory and technical occupations) - Unit : People
;Ethnic group (England and Wales) : Mixed \ White and Asian - Socio-economic Classification (NS-SeC) : Class 5 (Lower supervisory and technical occupations) - Unit : People
;Ethnic group (England and Wales) : Mixed \ Other Mixed - Socio-economic Classification (NS-SeC) : Class 5 (Lower supervisory and technical occupations) - Unit : People
;Ethnic group (England and Wales) : Asian or Asian British \ Indian - Socio-economic Classification (NS-SeC) : Class 5 (Lower supervisory and technical occupations) - Unit : People
;Ethnic group (England and Wales) : Asian or Asian British \ Pakistani - Socio-economic Classification (NS-SeC) : Class 5 (Lower supervisory and technical occupations) - Unit : People
;Ethnic group (England and Wales) : Asian or Asian British \ Bangladeshi - Socio-economic Classification (NS-SeC) : Class 5 (Lower supervisory and technical occupations) - Unit : People
;Ethnic group (England and Wales) : Asian or Asian British \ Other Asian - Socio-economic Classification (NS-SeC) : Class 5 (Lower supervisory and technical occupations) - Unit : People
;Ethnic group (England and Wales) : Black or Black British \ Caribbean - Socio-economic Classification (NS-SeC) : Class 5 (Lower supervisory and technical occupations) - Unit : People
;Ethnic group (England and Wales) : Black or Black British \ African - Socio-economic Classification (NS-SeC) : Class 5 (Lower supervisory and technical occupations) - Unit : People
;Ethnic group (England and Wales) : Black or Black British \ Other Black - Socio-economic Classification (NS-SeC) : Class 5 (Lower supervisory and technical occupations) - Unit : People
;Ethnic group (England and Wales) : Chinese or Other Ethnic Group \ Chinese - Socio-economic Classification (NS-SeC) : Class 5 (Lower supervisory and technical occupations) - Unit : People
;Ethnic group (England and Wales) : White \ British - Socio-economic Classification (NS-SeC) : Class 6 (Semi-routine occupations) - Unit : People
;Ethnic group (England and Wales) : White \ Irish - Socio-economic Classification (NS-SeC) : Class 6 (Semi-routine occupations) - Unit : People
;Ethnic group (England and Wales) : White \ Other White - Socio-economic Classification (NS-SeC) : Class 6 (Semi-routine occupations) - Unit : People
;Ethnic group (England and Wales) : Mixed \ White and Black Caribbean - Socio-economic Classification (NS-SeC) : Class 6 (Semi-routine occupations) - Unit : People
;Ethnic group (England and Wales) : Mixed \ White and Black African - Socio-economic Classification (NS-SeC) : Class 6 (Semi-routine occupations) - Unit : People
;Ethnic group (England and Wales) : Mixed \ White and Asian - Socio-economic Classification (NS-SeC) : Class 6 (Semi-routine occupations) - Unit : People
;Ethnic group (England and Wales) : Mixed \ Other Mixed - Socio-economic Classification (NS-SeC) : Class 6 (Semi-routine occupations) - Unit : People
;Ethnic group (England and Wales) : Asian or Asian British \ Indian - Socio-economic Classification (NS-SeC) : Class 6 (Semi-routine occupations) - Unit : People
;Ethnic group (England and Wales) : Asian or Asian British \ Pakistani - Socio-economic Classification (NS-SeC) : Class 6 (Semi-routine occupations) - Unit : People
;Ethnic group (England and Wales) : Asian or Asian British \ Bangladeshi - Socio-economic Classification (NS-SeC) : Class 6 (Semi-routine occupations) - Unit : People
;Ethnic group (England and Wales) : Asian or Asian British \ Other Asian - Socio-economic Classification (NS-SeC) : Class 6 (Semi-routine occupations) - Unit : People
;Ethnic group (England and Wales) : Black or Black British \ Caribbean - Socio-economic Classification (NS-SeC) : Class 6 (Semi-routine occupations) - Unit : People
;Ethnic group (England and Wales) : Black or Black British \ African - Socio-economic Classification (NS-SeC) : Class 6 (Semi-routine occupations) - Unit : People
;Ethnic group (England and Wales) : Black or Black British \ Other Black - Socio-economic Classification (NS-SeC) : Class 6 (Semi-routine occupations) - Unit : People
;Ethnic group (England and Wales) : Chinese or Other Ethnic Group \ Chinese - Socio-economic Classification (NS-SeC) : Class 6 (Semi-routine occupations) - Unit : People
;Ethnic group (England and Wales) : White \ British - Socio-economic Classification (NS-SeC) : Class 7 (Routine occupations) - Unit : People
;Ethnic group (England and Wales) : White \ Irish - Socio-economic Classification (NS-SeC) : Class 7 (Routine occupations) - Unit : People
;Ethnic group (England and Wales) : White \ Other White - Socio-economic Classification (NS-SeC) : Class 7 (Routine occupations) - Unit : People
;Ethnic group (England and Wales) : Mixed \ White and Black Caribbean - Socio-economic Classification (NS-SeC) : Class 7 (Routine occupations) - Unit : People
;Ethnic group (England and Wales) : Mixed \ White and Black African - Socio-economic Classification (NS-SeC) : Class 7 (Routine occupations) - Unit : People
;Ethnic group (England and Wales) : Mixed \ White and Asian - Socio-economic Classification (NS-SeC) : Class 7 (Routine occupations) - Unit : People
;Ethnic group (England and Wales) : Mixed \ Other Mixed - Socio-economic Classification (NS-SeC) : Class 7 (Routine occupations) - Unit : People
;Ethnic group (England and Wales) : Asian or Asian British \ Indian - Socio-economic Classification (NS-SeC) : Class 7 (Routine occupations) - Unit : People
;Ethnic group (England and Wales) : Asian or Asian British \ Pakistani - Socio-economic Classification (NS-SeC) : Class 7 (Routine occupations) - Unit : People
;Ethnic group (England and Wales) : Asian or Asian British \ Bangladeshi - Socio-economic Classification (NS-SeC) : Class 7 (Routine occupations) - Unit : People
;Ethnic group (England and Wales) : Asian or Asian British \ Other Asian - Socio-economic Classification (NS-SeC) : Class 7 (Routine occupations) - Unit : People
;Ethnic group (England and Wales) : Black or Black British \ Caribbean - Socio-economic Classification (NS-SeC) : Class 7 (Routine occupations) - Unit : People
;Ethnic group (England and Wales) : Black or Black British \ African - Socio-economic Classification (NS-SeC) : Class 7 (Routine occupations) - Unit : People
;Ethnic group (England and Wales) : Black or Black British \ Other Black - Socio-economic Classification (NS-SeC) : Class 7 (Routine occupations) - Unit : People
;Ethnic group (England and Wales) : Chinese or Other Ethnic Group \ Chinese - Socio-economic Classification (NS-SeC) : Class 7 (Routine occupations) - Unit : People
;
